{
  "info": {
    "name": "Cartaomasterwebservice",
    "_postman_id": "145714b3-3416-4d47-86bc-b95fe50f025d",
    "description": "SOAP API - Auto-generated and AI-enriched documentation\nGenerated: 2025-11-16T19:50:36.826221\n\nThis is a SOAP API collection. All requests use XML with SOAP Envelope structure.",
    "schema": "https://schema.getpostman.com/json/collection/v2.1.0/collection.json"
  },
  "item": [
    {
      "name": "SOAP: gravarPropostaCartao",
      "request": {
        "method": "POST",
        "header": [
          {
            "key": "Content-Type",
            "value": "text/xml; charset=utf-8",
            "description": "SOAP Content Type"
          }
        ],
        "body": {
          "mode": "raw",
          "raw": "<?xml version=\"1.0\" encoding=\"utf-8\"?>\n<soap:Envelope xmlns:soap=\"http://schemas.xmlsoap.org/soap/envelope/\"\n               xmlns:xsi=\"http://www.w3.org/2001/XMLSchema-instance\"\n               xmlns:xsd=\"http://www.w3.org/2001/XMLSchema\">\n  <soap:Body>\n    <gravarPropostaCartao>\n      <codigoEntidade>example_codigoEntidade</codigoEntidade>\n      <codigoServico>example_codigoServico</codigoServico>\n      <cpf>12345678901</cpf>\n      <matricula>example_matricula</matricula>\n      <codigoLoja>1</codigoLoja>\n      <dataRenda>2024-01-01</dataRenda>\n      <valorRenda>1.0</valorRenda>\n      <tipoBeneficio>1</tipoBeneficio>\n      <tipoFormaEnvioFatura>example_tipoFormaEnvioFatura</tipoFormaEnvioFatura>\n      <Margem>1.0</Margem>\n      <cliente/nome>example_cliente/nome</cliente/nome>\n      <cliente/sexo>example_cliente/sexo</cliente/sexo>\n      <cliente/dataNascimento>2024-01-01</cliente/dataNascimento>\n      <cliente/cidadeNascimento>example_cliente/cidadeNascimento</cliente/cidadeNascimento>\n      <cliente/ufNascimento>example_cliente/ufNascimento</cliente/ufNascimento>\n      <cliente/nacionalidade>example_cliente/nacionalidade</cliente/nacionalidade>\n      <cliente/grauInstrucao>example_cliente/grauInstrucao</cliente/grauInstrucao>\n      <cliente/email>user@example.com</cliente/email>\n      <cliente/identidade/numero>example_cliente/identidade/numero</cliente/identidade/numero>\n      <cliente/identidade/emissor>example_cliente/identidade/emissor</cliente/identidade/emissor>\n      <cliente/identidade/uf>example_cliente/identidade/uf</cliente/identidade/uf>\n      <cliente/identidade/dataEmissao>2024-01-01</cliente/identidade/dataEmissao>\n      <cliente/endereco/cep>example_cliente/endereco/cep</cliente/endereco/cep>\n      <cliente/endereco/logradouro>example_cliente/endereco/logradouro</cliente/endereco/logradouro>\n      <cliente/endereco/numero>example_cliente/endereco/numero</cliente/endereco/numero>\n      <cliente/endereco/complemento>example_cliente/endereco/complemento</cliente/endereco/complemento>\n    </gravarPropostaCartao>\n  </soap:Body>\n</soap:Envelope>",
          "options": {
            "raw": {
              "language": "xml"
            }
          }
        },
        "url": {
          "raw": "https://ws1.bmgconsig.com.br/webservices/CartaoMaster",
          "protocol": "https",
          "host": [
            "ws1.bmgconsig.com.br"
          ],
          "path": [
            "webservices",
            "CartaoMaster"
          ]
        },
        "description": "Gravar proposta de cartão BMG Master (exclusivo para a entidade INSS – 1581).\n\n## SOAP Operation: gravarPropostaCartao\n\n**WSDL URL**: https://ws1.bmgconsig.com.br/webservices/CartaoMaster?wsdl\n\n## Input Parameters (XML)\n\n- **`codigoEntidade`** (*string*, **required**): Código da Entidade (ex.: 1581)\n- **`codigoServico`** (*string*, **required**): Código do Serviço (ex.: 060)\n- **`cpf`** (*string*, **required**): Número do CPF\n- **`matricula`** (*string*, **required**): Código da Matrícula\n- **`codigoLoja`** (*integer*, **required**): Código da Loja\n- **`dataRenda`** (*date*, **required**): Data da Renda\n- **`valorRenda`** (*double*, **required**): Valor da renda\n- **`tipoBeneficio`** (*integer*, **required**): Código do tipo de benefício (exclusivo para a entidade INSS – 1581)\n- **`tipoFormaEnvioFatura`** (*string*, *optional*): Tipo de envio da fatura (campo adicionado na versão 1.6)\n- **`Margem`** (*double*, **required**): Margem disponível para o Cartão Consignado\n- **`cliente/nome`** (*string*, **required**): Nome do cliente\n- **`cliente/sexo`** (*string*, **required**): Sexo do Cliente: M - Masculino, F - Feminino\n- **`cliente/dataNascimento`** (*date*, **required**): Data de nascimento do cliente (Formato: AAAA-MM-DD)\n- **`cliente/cidadeNascimento`** (*string*, **required**): Cidade de nascimento\n- **`cliente/ufNascimento`** (*string*, **required**): UF de nascimento\n- **`cliente/nacionalidade`** (*string*, **required**): Código/nacionalidade do cliente\n- **`cliente/grauInstrucao`** (*string*, **required**): Grau de instrução do cliente\n- **`cliente/email`** (*string*, *optional*): Email do cliente\n- **`cliente/identidade/numero`** (*string*, **required**): Número do documento de identidade\n- **`cliente/identidade/emissor`** (*string*, **required**): Órgão Emissor\n- **`cliente/identidade/uf`** (*string*, **required**): UF de emissão do documento\n- **`cliente/identidade/dataEmissao`** (*date*, **required**): Data de emissão do documento de identidade\n- **`cliente/endereco/cep`** (*string*, **required**): Código de CEP\n- **`cliente/endereco/logradouro`** (*string*, **required**): Logradouro do endereço\n- **`cliente/endereco/numero`** (*string*, **required**): Número do logradouro\n- **`cliente/endereco/complemento`** (*string*, *optional*): Complemento do endereço\n\n## Usage Notes\n\nThis is a SOAP operation. The request must:\n- Use POST method\n- Set Content-Type: text/xml; charset=utf-8\n- Include SOAP Envelope in the body\n- Set SOAPAction header (if required)"
      },
      "response": [],
      "event": [
        {
          "listen": "test",
          "script": {
            "type": "text/javascript",
            "exec": [
              "// Verify SOAP response status",
              "pm.test('SOAP request successful', function() {",
              "    pm.expect(pm.response.code).to.be.oneOf([200, 202]);",
              "});",
              "",
              "// Verify response time",
              "pm.test('Response time is acceptable', function() {",
              "    pm.expect(pm.response.responseTime).to.be.below(10000);",
              "});",
              "",
              "// Verify XML response",
              "pm.test('Response is valid XML', function() {",
              "    pm.expect(pm.response.headers.get('Content-Type')).to.include('xml');",
              "});",
              "",
              "// Check for SOAP Fault",
              "pm.test('No SOAP Fault returned', function() {",
              "    const responseText = pm.response.text();",
              "    pm.expect(responseText).to.not.include('soap:Fault');",
              "    pm.expect(responseText).to.not.include('faultcode');",
              "});",
              ""
            ]
          }
        }
      ]
    },
    {
      "name": "SOAP: buscarLimiteSaque",
      "request": {
        "method": "POST",
        "header": [
          {
            "key": "Content-Type",
            "value": "text/xml; charset=utf-8",
            "description": "SOAP Content Type"
          }
        ],
        "body": {
          "mode": "raw",
          "raw": "<?xml version=\"1.0\" encoding=\"utf-8\"?>\n<soap:Envelope xmlns:soap=\"http://schemas.xmlsoap.org/soap/envelope/\"\n               xmlns:xsi=\"http://www.w3.org/2001/XMLSchema-instance\"\n               xmlns:xsd=\"http://www.w3.org/2001/XMLSchema\">\n  <soap:Body>\n    <buscarLimiteSaque>\n      <codigoEntidade>example_codigoEntidade</codigoEntidade>\n      <cpf>12345678901</cpf>\n      <matricula>example_matricula</matricula>\n      <codigoLoja>1</codigoLoja>\n      <valorMargem>1.0</valorMargem>\n      <clienteDataNascimento>2024-01-01</clienteDataNascimento>\n      <login>example_login</login>\n    </buscarLimiteSaque>\n  </soap:Body>\n</soap:Envelope>",
          "options": {
            "raw": {
              "language": "xml"
            }
          }
        },
        "url": {
          "raw": "",
          "protocol": "http",
          "host": [
            ""
          ],
          "path": []
        },
        "description": "BuscarLimiteSaque: Retorna o limite de saque disponível para o cartão consignado.\n\n## SOAP Operation: buscarLimiteSaque\n\n**WSDL URL**: \n\n## Input Parameters (XML)\n\n- **`codigoEntidade`** (*string*, **required**): Código da Entidade (ex.: INSS = 1581).\n- **`cpf`** (*string*, **required**): Número do CPF.\n- **`matricula`** (*string*, **required**): Código da Matrícula.\n- **`codigoLoja`** (*int*, **required**): Código da Loja.\n- **`valorMargem`** (*double*, **required**): Margem disponível para o Cartão Consignado.\n- **`clienteDataNascimento`** (*date*, **required**): Data de nascimento do cliente. Formato: 2000-08-09.\n- **`login`** (*string*, **required**): Login do usuário robô do WebService.\n\n## Output Parameters (XML)\n\n- **`numeroAde`** (*string*, *optional*): Número da Ade.\n\n## Usage Notes\n\nThis is a SOAP operation. The request must:\n- Use POST method\n- Set Content-Type: text/xml; charset=utf-8\n- Include SOAP Envelope in the body\n- Set SOAPAction header (if required)"
      },
      "response": [],
      "event": [
        {
          "listen": "test",
          "script": {
            "type": "text/javascript",
            "exec": [
              "// Verify SOAP response status",
              "pm.test('SOAP request successful', function() {",
              "    pm.expect(pm.response.code).to.be.oneOf([200, 202]);",
              "});",
              "",
              "// Verify response time",
              "pm.test('Response time is acceptable', function() {",
              "    pm.expect(pm.response.responseTime).to.be.below(10000);",
              "});",
              "",
              "// Verify XML response",
              "pm.test('Response is valid XML', function() {",
              "    pm.expect(pm.response.headers.get('Content-Type')).to.include('xml');",
              "});",
              "",
              "// Check for SOAP Fault",
              "pm.test('No SOAP Fault returned', function() {",
              "    const responseText = pm.response.text();",
              "    pm.expect(responseText).to.not.include('soap:Fault');",
              "    pm.expect(responseText).to.not.include('faultcode');",
              "});",
              ""
            ]
          }
        }
      ]
    },
    {
      "name": "SOAP: buscarSimulacao",
      "request": {
        "method": "POST",
        "header": [
          {
            "key": "Content-Type",
            "value": "text/xml; charset=utf-8",
            "description": "SOAP Content Type"
          },
          {
            "key": "SOAPAction",
            "value": "\"buscarSimulacao\"",
            "description": "SOAP Action for this operation"
          }
        ],
        "body": {
          "mode": "raw",
          "raw": "<?xml version=\"1.0\" encoding=\"utf-8\"?>\n<soap:Envelope xmlns:soap=\"http://schemas.xmlsoap.org/soap/envelope/\"\n               xmlns:xsi=\"http://www.w3.org/2001/XMLSchema-instance\"\n               xmlns:xsd=\"http://www.w3.org/2001/XMLSchema\" xmlns:ns=\"http://webservice.econsig.bmg.com\">\n  <soap:Body>\n    <ns:buscarSimulacao>\n      <login>example_login</login>\n      <senha>example_senha</senha>\n      <codigoEntidade>1</codigoEntidade>\n      <valorSaque>1.0</valorSaque>\n    </ns:buscarSimulacao>\n  </soap:Body>\n</soap:Envelope>",
          "options": {
            "raw": {
              "language": "xml"
            }
          }
        },
        "url": {
          "raw": "",
          "protocol": "http",
          "host": [
            ""
          ],
          "path": []
        },
        "description": "Consultar a quantidade de parcelas e o valor da simulação.\n\n## SOAP Operation: buscarSimulacao\n\n**WSDL URL**: \n**Namespace**: http://webservice.econsig.bmg.com\n**SOAPAction**: buscarSimulacao\n\n## Input Parameters (XML)\n\n- **`login`** (*string*, **required**): Login do usuário robô do WebService\n- **`senha`** (*string*, **required**): Senha do usuário robô do WebService\n- **`codigoEntidade`** (*int*, **required**): Código da entidade\n- **`valorSaque`** (*double*, **required**): Valor do saque\n\n## Output Parameters (XML)\n\n- **`numeroParcelas`** (*int*, *optional*): Quantidade de parcelas\n- **`valorParcela`** (*double*, *optional*): Valor da parcela\n\n## Usage Notes\n\nThis is a SOAP operation. The request must:\n- Use POST method\n- Set Content-Type: text/xml; charset=utf-8\n- Include SOAP Envelope in the body\n- Set SOAPAction header (if required)"
      },
      "response": [],
      "event": [
        {
          "listen": "test",
          "script": {
            "type": "text/javascript",
            "exec": [
              "// Verify SOAP response status",
              "pm.test('SOAP request successful', function() {",
              "    pm.expect(pm.response.code).to.be.oneOf([200, 202]);",
              "});",
              "",
              "// Verify response time",
              "pm.test('Response time is acceptable', function() {",
              "    pm.expect(pm.response.responseTime).to.be.below(10000);",
              "});",
              "",
              "// Verify XML response",
              "pm.test('Response is valid XML', function() {",
              "    pm.expect(pm.response.headers.get('Content-Type')).to.include('xml');",
              "});",
              "",
              "// Check for SOAP Fault",
              "pm.test('No SOAP Fault returned', function() {",
              "    const responseText = pm.response.text();",
              "    pm.expect(responseText).to.not.include('soap:Fault');",
              "    pm.expect(responseText).to.not.include('faultcode');",
              "});",
              ""
            ]
          }
        }
      ]
    }
  ],
  "variable": [
    {
      "key": "soap_endpoint",
      "value": "https://ws1.bmgconsig.com.br/webservices/CartaoMaster",
      "type": "string"
    },
    {
      "key": "wsdl_url",
      "value": "https://ws1.bmgconsig.com.br/webservices/CartaoMaster?wsdl",
      "type": "string"
    }
  ]
}