{
  "_comment": "Credenciais genéricas - A IA determina como usar baseado na documentação",
  "_instructions": "1. Copie para credentials.json  2. Preencha os dados que você tem  3. A IA descobre como usar",
  
  "login": "ROBO.56293",
  "password": "lUCCA@24*",
  "token": "seu-token-se-tiver",
  "api_key": "sua-chave-api-se-tiver",
  "client_id": "client-id-se-tiver",
  "client_secret": "client-secret-se-tiver",
  
  "_note": "Deixe vazio os campos que não usa. A IA analisa a documentação e usa os campos corretos automaticamente."
}

