{
  "info": {
    "name": "Cartaomasterwebservice",
    "_postman_id": "e91b419b-709a-4103-bc43-c0189148af04",
    "description": "SOAP API - Auto-generated and AI-enriched documentation\nGenerated: 2025-11-14T09:46:17.888888\n\nThis is a SOAP API collection. All requests use XML with SOAP Envelope structure.",
    "schema": "https://schema.getpostman.com/json/collection/v2.1.0/collection.json"
  },
  "item": [
    {
      "name": "SOAP: gravarPropostaCartao",
      "request": {
        "method": "POST",
        "header": [
          {
            "key": "Content-Type",
            "value": "text/xml; charset=utf-8",
            "description": "SOAP Content Type"
          }
        ],
        "body": {
          "mode": "raw",
          "raw": "<?xml version=\"1.0\" encoding=\"utf-8\"?>\n<soap:Envelope xmlns:soap=\"http://schemas.xmlsoap.org/soap/envelope/\"\n               xmlns:xsi=\"http://www.w3.org/2001/XMLSchema-instance\"\n               xmlns:xsd=\"http://www.w3.org/2001/XMLSchema\">\n  <soap:Body>\n    <gravarPropostaCartao>\n      <codigoEntidade>example_codigoEntidade</codigoEntidade>\n      <codigoServico>example_codigoServico</codigoServico>\n      <cpf>12345678901</cpf>\n      <matricula>example_matricula</matricula>\n      <codigoLoja>1</codigoLoja>\n      <dataRenda>2024-01-01</dataRenda>\n      <valorRenda>1.0</valorRenda>\n      <tipoBeneficio>1</tipoBeneficio>\n    </gravarPropostaCartao>\n  </soap:Body>\n</soap:Envelope>",
          "options": {
            "raw": {
              "language": "xml"
            }
          }
        },
        "url": {
          "raw": "https://ws1.bmgconsig.com.br/webservices/CartaoMaster",
          "protocol": "https",
          "host": [
            "ws1.bmgconsig.com.br"
          ],
          "path": [
            "webservices",
            "CartaoMaster"
          ]
        },
        "description": "Permite envio de uma proposta do tipo Cartão BMG Master (Exclusivo para entidade INSS – 1581)\n\n## SOAP Operation: gravarPropostaCartao\n\n**WSDL URL**: https://ws1.bmgconsig.com.br/webservices/CartaoMaster?wsdl\n\n## Input Parameters (XML)\n\n- **`codigoEntidade`** (*string*, **required**): Código da Entidade. Ex: INSS = 1581\n- **`codigoServico`** (*string*, **required**): Código do Serviço. '060' – Cartão BMG Master\n- **`cpf`** (*string*, **required**): Número do CPF\n- **`matricula`** (*string*, **required**): Código da Matrícula\n- **`codigoLoja`** (*int*, **required**): Código da Loja\n- **`dataRenda`** (*date*, **required**): Data da Renda\n- **`valorRenda`** (*double*, **required**): Valor da renda\n- **`tipoBeneficio`** (*int*, **required**): Código do tipo de benefício (exclusivo para a entidade INSS – 1581). Lista de tipos conforme documentação\n\n## Usage Notes\n\nThis is a SOAP operation. The request must:\n- Use POST method\n- Set Content-Type: text/xml; charset=utf-8\n- Include SOAP Envelope in the body\n- Set SOAPAction header (if required)"
      },
      "response": [],
      "event": [
        {
          "listen": "test",
          "script": {
            "type": "text/javascript",
            "exec": [
              "// Verify SOAP response status",
              "pm.test('SOAP request successful', function() {",
              "    pm.expect(pm.response.code).to.be.oneOf([200, 202]);",
              "});",
              "",
              "// Verify response time",
              "pm.test('Response time is acceptable', function() {",
              "    pm.expect(pm.response.responseTime).to.be.below(10000);",
              "});",
              "",
              "// Verify XML response",
              "pm.test('Response is valid XML', function() {",
              "    pm.expect(pm.response.headers.get('Content-Type')).to.include('xml');",
              "});",
              "",
              "// Check for SOAP Fault",
              "pm.test('No SOAP Fault returned', function() {",
              "    const responseText = pm.response.text();",
              "    pm.expect(responseText).to.not.include('soap:Fault');",
              "    pm.expect(responseText).to.not.include('faultcode');",
              "});",
              ""
            ]
          }
        }
      ]
    },
    {
      "name": "SOAP: BuscarLimiteSaque",
      "request": {
        "method": "POST",
        "header": [
          {
            "key": "Content-Type",
            "value": "text/xml; charset=utf-8",
            "description": "SOAP Content Type"
          },
          {
            "key": "SOAPAction",
            "value": "\"BuscarLimiteSaque\"",
            "description": "SOAP Action for this operation"
          }
        ],
        "body": {
          "mode": "raw",
          "raw": "<?xml version=\"1.0\" encoding=\"utf-8\"?>\n<soap:Envelope xmlns:soap=\"http://schemas.xmlsoap.org/soap/envelope/\"\n               xmlns:xsi=\"http://www.w3.org/2001/XMLSchema-instance\"\n               xmlns:xsd=\"http://www.w3.org/2001/XMLSchema\">\n  <soap:Body>\n    <BuscarLimiteSaque>\n      <codigoEntidade>example_codigoEntidade</codigoEntidade>\n      <cpf>12345678901</cpf>\n      <matricula>example_matricula</matricula>\n      <codigoLoja>1</codigoLoja>\n      <ValorMargem>1.0</ValorMargem>\n      <cliente/dataNascimento>2024-01-01</cliente/dataNascimento>\n      <Login>example_Login</Login>\n    </BuscarLimiteSaque>\n  </soap:Body>\n</soap:Envelope>",
          "options": {
            "raw": {
              "language": "xml"
            }
          }
        },
        "url": {
          "raw": "",
          "protocol": "http",
          "host": [
            ""
          ],
          "path": []
        },
        "description": "Retorna o limite de saque disponível para o cartão (quando a solicitação envolve saque) com base nos dados da entidade, cpf, matrícula, loja e margem.\n\n## SOAP Operation: BuscarLimiteSaque\n\n**WSDL URL**: \n**SOAPAction**: BuscarLimiteSaque\n\n## Input Parameters (XML)\n\n- **`codigoEntidade`** (*string*, **required**): Código da Entidade (ex.: INSS = 1581)\n- **`cpf`** (*string*, **required**): Número do CPF\n- **`matricula`** (*string*, **required**): Código da Matrícula\n- **`codigoLoja`** (*int*, **required**): Código da Loja\n- **`ValorMargem`** (*double*, **required**): Margem disponível para o Cartão Consignado\n- **`cliente/dataNascimento`** (*dateTime*, **required**): Data de nascimento do cliente (formato 2000-08-09T06:00:00)\n- **`Login`** (*string*, **required**): Login do usuário\n\n## Output Parameters (XML)\n\n- **`valorLimiteSaque`** (*double*, *optional*): Limite de saque disponível\n\n## Usage Notes\n\nThis is a SOAP operation. The request must:\n- Use POST method\n- Set Content-Type: text/xml; charset=utf-8\n- Include SOAP Envelope in the body\n- Set SOAPAction header (if required)"
      },
      "response": [],
      "event": [
        {
          "listen": "test",
          "script": {
            "type": "text/javascript",
            "exec": [
              "// Verify SOAP response status",
              "pm.test('SOAP request successful', function() {",
              "    pm.expect(pm.response.code).to.be.oneOf([200, 202]);",
              "});",
              "",
              "// Verify response time",
              "pm.test('Response time is acceptable', function() {",
              "    pm.expect(pm.response.responseTime).to.be.below(10000);",
              "});",
              "",
              "// Verify XML response",
              "pm.test('Response is valid XML', function() {",
              "    pm.expect(pm.response.headers.get('Content-Type')).to.include('xml');",
              "});",
              "",
              "// Check for SOAP Fault",
              "pm.test('No SOAP Fault returned', function() {",
              "    const responseText = pm.response.text();",
              "    pm.expect(responseText).to.not.include('soap:Fault');",
              "    pm.expect(responseText).to.not.include('faultcode');",
              "});",
              ""
            ]
          }
        }
      ]
    },
    {
      "name": "SOAP: buscarSimulacao",
      "request": {
        "method": "POST",
        "header": [
          {
            "key": "Content-Type",
            "value": "text/xml; charset=utf-8",
            "description": "SOAP Content Type"
          },
          {
            "key": "SOAPAction",
            "value": "\"buscarSimulacao\"",
            "description": "SOAP Action for this operation"
          }
        ],
        "body": {
          "mode": "raw",
          "raw": "<?xml version=\"1.0\" encoding=\"utf-8\"?>\n<soap:Envelope xmlns:soap=\"http://schemas.xmlsoap.org/soap/envelope/\"\n               xmlns:xsi=\"http://www.w3.org/2001/XMLSchema-instance\"\n               xmlns:xsd=\"http://www.w3.org/2001/XMLSchema\" xmlns:ns=\"http://webservice.econsig.bmg.com\">\n  <soap:Body>\n    <ns:buscarSimulacao>\n      <Login>example_Login</Login>\n      <Senha>example_Senha</Senha>\n      <codigoEntidade>1</codigoEntidade>\n      <ValorSaque>1.0</ValorSaque>\n    </ns:buscarSimulacao>\n  </soap:Body>\n</soap:Envelope>",
          "options": {
            "raw": {
              "language": "xml"
            }
          }
        },
        "url": {
          "raw": "",
          "protocol": "http",
          "host": [
            ""
          ],
          "path": []
        },
        "description": "Consulta a quantidade de parcelas e o valor disponível para saque (simulação).\n\n## SOAP Operation: buscarSimulacao\n\n**WSDL URL**: \n**Namespace**: http://webservice.econsig.bmg.com\n**SOAPAction**: buscarSimulacao\n\n## Input Parameters (XML)\n\n- **`Login`** (*string*, **required**): Login do usuário robô do WebService\n- **`Senha`** (*string*, **required**): Senha do usuário robô do WebService\n- **`codigoEntidade`** (*int*, **required**): Código da entidade\n- **`ValorSaque`** (*double*, **required**): Valor do saque\n\n## Output Parameters (XML)\n\n- **`numeroParcelas`** (*int*, *optional*): Quantidade de parcelas\n- **`ValorParcela`** (*double*, *optional*): Valor da parcela\n\n## Usage Notes\n\nThis is a SOAP operation. The request must:\n- Use POST method\n- Set Content-Type: text/xml; charset=utf-8\n- Include SOAP Envelope in the body\n- Set SOAPAction header (if required)"
      },
      "response": [],
      "event": [
        {
          "listen": "test",
          "script": {
            "type": "text/javascript",
            "exec": [
              "// Verify SOAP response status",
              "pm.test('SOAP request successful', function() {",
              "    pm.expect(pm.response.code).to.be.oneOf([200, 202]);",
              "});",
              "",
              "// Verify response time",
              "pm.test('Response time is acceptable', function() {",
              "    pm.expect(pm.response.responseTime).to.be.below(10000);",
              "});",
              "",
              "// Verify XML response",
              "pm.test('Response is valid XML', function() {",
              "    pm.expect(pm.response.headers.get('Content-Type')).to.include('xml');",
              "});",
              "",
              "// Check for SOAP Fault",
              "pm.test('No SOAP Fault returned', function() {",
              "    const responseText = pm.response.text();",
              "    pm.expect(responseText).to.not.include('soap:Fault');",
              "    pm.expect(responseText).to.not.include('faultcode');",
              "});",
              ""
            ]
          }
        }
      ]
    }
  ],
  "variable": [
    {
      "key": "soap_endpoint",
      "value": "https://ws1.bmgconsig.com.br/webservices/CartaoMaster",
      "type": "string"
    },
    {
      "key": "wsdl_url",
      "value": "https://ws1.bmgconsig.com.br/webservices/CartaoMaster?wsdl",
      "type": "string"
    }
  ]
}