{
  "info": {
    "name": "Cartaomasterwebservice",
    "_postman_id": "68410d65-f359-4c8d-8ec6-2fe5a6aaa4cb",
    "description": "SOAP API - Auto-generated and AI-enriched documentation\nGenerated: 2025-11-14T09:08:39.560990\n\nThis is a SOAP API collection. All requests use XML with SOAP Envelope structure.",
    "schema": "https://schema.getpostman.com/json/collection/v2.1.0/collection.json"
  },
  "item": [
    {
      "name": "SOAP: gravarPropostaCartao",
      "request": {
        "method": "POST",
        "header": [
          {
            "key": "Content-Type",
            "value": "text/xml; charset=utf-8",
            "description": "SOAP Content Type"
          },
          {
            "key": "SOAPAction",
            "value": "\"gravarPropostaCartao\"",
            "description": "SOAP Action for this operation"
          }
        ],
        "body": {
          "mode": "raw",
          "raw": "<?xml version=\"1.0\" encoding=\"utf-8\"?>\n<soap:Envelope xmlns:soap=\"http://schemas.xmlsoap.org/soap/envelope/\"\n               xmlns:xsi=\"http://www.w3.org/2001/XMLSchema-instance\"\n               xmlns:xsd=\"http://www.w3.org/2001/XMLSchema\">\n  <soap:Body>\n    <gravarPropostaCartao>\n      <codigoEntidade>example_codigoEntidade</codigoEntidade>\n      <codigoServico>example_codigoServico</codigoServico>\n      <cpf>12345678901</cpf>\n      <matricula>example_matricula</matricula>\n      <codigoLoja>1</codigoLoja>\n      <dataRenda>2024-01-01</dataRenda>\n      <valorRenda>1.0</valorRenda>\n      <tipoBeneficio>1</tipoBeneficio>\n      <margem>1.0</margem>\n      <cliente/nome>example_cliente/nome</cliente/nome>\n      <cliente/sexo>example_cliente/sexo</cliente/sexo>\n      <cliente/dataNascimento>2024-01-01</cliente/dataNascimento>\n      <cliente/cidadeNascimento>example_cliente/cidadeNascimento</cliente/cidadeNascimento>\n      <cliente/ufNascimento>example_cliente/ufNascimento</cliente/ufNascimento>\n      <cliente/nacionalidade>example_cliente/nacionalidade</cliente/nacionalidade>\n      <cliente/grauInstrucao>example_cliente/grauInstrucao</cliente/grauInstrucao>\n      <cliente/email>user@example.com</cliente/email>\n      <cliente/identidade/numero>example_cliente/identidade/numero</cliente/identidade/numero>\n      <cliente/identidade/emissor>example_cliente/identidade/emissor</cliente/identidade/emissor>\n      <cliente/identidade/uf>example_cliente/identidade/uf</cliente/identidade/uf>\n      <cliente/identidade/dataEmissao>2024-01-01</cliente/identidade/dataEmissao>\n      <cliente/endereco/cep>example_cliente/endereco/cep</cliente/endereco/cep>\n      <cliente/endereco/logradouro>example_cliente/endereco/logradouro</cliente/endereco/logradouro>\n      <cliente/endereco/numero>example_cliente/endereco/numero</cliente/endereco/numero>\n      <cliente/endereco/complemento>example_cliente/endereco/complemento</cliente/endereco/complemento>\n      <cliente/endereco/bairro>example_cliente/endereco/bairro</cliente/endereco/bairro>\n      <cliente/endereco/cidade>example_cliente/endereco/cidade</cliente/endereco/cidade>\n      <cliente/endereco/uf>example_cliente/endereco/uf</cliente/endereco/uf>\n      <cliente/telefone/numero>example_cliente/telefone/numero</cliente/telefone/numero>\n      <cliente/telefone/ramal>example_cliente/telefone/ramal</cliente/telefone/ramal>\n      <cliente/telefone/ddd>example_cliente/telefone/ddd</cliente/telefone/ddd>\n      <cliente/celular1/numero>example_cliente/celular1/numero</cliente/celular1/numero>\n      <cliente/celular1/ramal>example_cliente/celular1/ramal</cliente/celular1/ramal>\n      <cliente/celular1/ddd>example_cliente/celular1/ddd</cliente/celular1/ddd>\n      <cliente/nomeConjuge>example_cliente/nomeConjuge</cliente/nomeConjuge>\n      <cliente/nomeMae>example_cliente/nomeMae</cliente/nomeMae>\n      <cliente/nomePai>example_cliente/nomePai</cliente/nomePai>\n      <cliente/cpf>12345678901</cliente/cpf>\n      <formaCredito>1</formaCredito>\n    </gravarPropostaCartao>\n  </soap:Body>\n</soap:Envelope>",
          "options": {
            "raw": {
              "language": "xml"
            }
          }
        },
        "url": {
          "raw": "https://ws1.bmgconsig.com.br/webservices/CartaoMaster",
          "protocol": "https",
          "host": [
            "ws1.bmgconsig.com.br"
          ],
          "path": [
            "webservices",
            "CartaoMaster"
          ]
        },
        "description": "Gravar proposta de cartão BMG Master (exclusivo para entidade INSS – 1581).\n\n## SOAP Operation: gravarPropostaCartao\n\n**WSDL URL**: https://ws1.bmgconsig.com.br/webservices/CartaoMaster?wsdl\n**SOAPAction**: gravarPropostaCartao\n\n## Input Parameters (XML)\n\n- **`codigoEntidade`** (*string*, **required**): Código da Entidade (ex.: INSS = 1581)\n- **`codigoServico`** (*string*, **required**): Código do Serviço (ex.: 060)\n- **`cpf`** (*string*, **required**): CPF do solicitante\n- **`matricula`** (*string*, **required**): Código da Matrícula\n- **`codigoLoja`** (*int*, **required**): Código da Loja\n- **`dataRenda`** (*date*, **required**): Data da Renda\n- **`valorRenda`** (*double*, **required**): Valor da renda\n- **`tipoBeneficio`** (*int*, **required**): Código do tipo de benefício (lista extensa apresentada no documento)\n- **`margem`** (*double*, **required**): Margem disponível para o Cartão Consignado\n- **`cliente/nome`** (*string*, **required**): Nome do cliente\n- **`cliente/sexo`** (*string*, **required**): Sexo do Cliente: M ou F\n- **`cliente/dataNascimento`** (*date*, **required**): Data de nascimento do cliente\n- **`cliente/cidadeNascimento`** (*string*, **required**): Cidade de nascimento\n- **`cliente/ufNascimento`** (*string*, **required**): UF de nascimento\n- **`cliente/nacionalidade`** (*string*, **required**): Código nacionalidade do cliente\n- **`cliente/grauInstrucao`** (*string*, **required**): Grau de instrução do cliente\n- **`cliente/email`** (*string*, *optional*): Email do cliente\n- **`cliente/identidade/numero`** (*string*, **required**): Número do documento de identidade\n- **`cliente/identidade/emissor`** (*string*, **required**): Órgão Emissor\n- **`cliente/identidade/uf`** (*string*, **required**): UF de emissão\n- **`cliente/identidade/dataEmissao`** (*date*, **required**): Data da emissão\n- **`cliente/endereco/cep`** (*string*, **required**): Código de Cep\n- **`cliente/endereco/logradouro`** (*string*, **required**): Logradouro do endereço\n- **`cliente/endereco/numero`** (*string*, **required**): Número do logradouro\n- **`cliente/endereco/complemento`** (*string*, *optional*): Complemento do logradouro\n- **`cliente/endereco/bairro`** (*string*, **required**): Bairro do endereço\n- **`cliente/endereco/cidade`** (*string*, **required**): Cidade\n- **`cliente/endereco/uf`** (*string*, **required**): UF do endereço\n- **`cliente/telefone/numero`** (*string*, *optional*): Número do telefone\n- **`cliente/telefone/ramal`** (*string*, *optional*): Ramal do telefone\n- **`cliente/telefone/ddd`** (*string*, *optional*): DDD do telefone\n- **`cliente/celular1/numero`** (*string*, **required**): Número do celular 1\n- **`cliente/celular1/ramal`** (*string*, *optional*): Ramal do celular 1\n- **`cliente/celular1/ddd`** (*string*, **required**): DDD do celular 1\n- **`cliente/nomeConjuge`** (*string*, *optional*): Nome do cônjuge (obrigatório apenas se estado civil for casado)\n- **`cliente/nomeMae`** (*string*, **required**): Nome da mãe\n- **`cliente/nomePai`** (*string*, **required**): Nome do pai\n- **`cliente/cpf`** (*string*, **required**): CPF do cliente\n- **`formaCredito`** (*int*, **required**): Código da Forma de crédito (ex.: 2 Transferência Bancária, 18 Conta BMG)\n\n## Usage Notes\n\nThis is a SOAP operation. The request must:\n- Use POST method\n- Set Content-Type: text/xml; charset=utf-8\n- Include SOAP Envelope in the body\n- Set SOAPAction header (if required)"
      },
      "response": [],
      "event": [
        {
          "listen": "test",
          "script": {
            "type": "text/javascript",
            "exec": [
              "// Verify SOAP response status",
              "pm.test('SOAP request successful', function() {",
              "    pm.expect(pm.response.code).to.be.oneOf([200, 202]);",
              "});",
              "",
              "// Verify response time",
              "pm.test('Response time is acceptable', function() {",
              "    pm.expect(pm.response.responseTime).to.be.below(10000);",
              "});",
              "",
              "// Verify XML response",
              "pm.test('Response is valid XML', function() {",
              "    pm.expect(pm.response.headers.get('Content-Type')).to.include('xml');",
              "});",
              "",
              "// Check for SOAP Fault",
              "pm.test('No SOAP Fault returned', function() {",
              "    const responseText = pm.response.text();",
              "    pm.expect(responseText).to.not.include('soap:Fault');",
              "    pm.expect(responseText).to.not.include('faultcode');",
              "});",
              ""
            ]
          }
        }
      ]
    }
  ],
  "variable": [
    {
      "key": "soap_endpoint",
      "value": "https://ws1.bmgconsig.com.br/webservices/CartaoMaster",
      "type": "string"
    },
    {
      "key": "wsdl_url",
      "value": "https://ws1.bmgconsig.com.br/webservices/CartaoMaster?wsdl",
      "type": "string"
    }
  ]
}