{
  "info": {
    "name": "API de integração - Crefaz On - Doc.postman_collection",
    "_postman_id": "503ad178-ec6a-4aea-aee5-085ea4d5db69",
    "description": "Auto-generated and AI-enriched API documentation\nGenerated: 2025-11-13T12:51:57.590200",
    "schema": "https://schema.getpostman.com/json/collection/v2.1.0/collection.json"
  },
  "item": [
    {
      "name": "POST {{base_url}}/Usuario/login",
      "request": {
        "method": "POST",
        "header": [
          {
            "key": "Content-Type",
            "value": "application/json"
          },
          {
            "key": "accept",
            "value": "application/json"
          }
        ],
        "url": {
          "raw": "{{base_url}}/Usuario/login",
          "host": [
            "{{base_url}}"
          ],
          "path": [
            "Usuario",
            "login"
          ]
        },
        "body": {
          "mode": "raw",
          "raw": "{\n  \"login\": \"example_login\",\n  \"senha\": \"example_senha\",\n  \"apiKey\": \"example_apiKey\"\n}",
          "options": {
            "raw": {
              "language": "json"
            }
          }
        },
        "description": "Autenticar\n\nRequest: login, senha, apiKey"
      },
      "response": [
        {
          "name": "Client Error (400)",
          "originalRequest": {
            "method": "POST",
            "header": [
              {
                "key": "Content-Type",
                "value": "application/json"
              },
              {
                "key": "accept",
                "value": "application/json"
              }
            ],
            "url": {
              "raw": "{{base_url}}/Usuario/login",
              "host": [
                "{{base_url}}"
              ],
              "path": [
                "Usuario",
                "login"
              ]
            },
            "body": {
              "mode": "raw",
              "raw": "{\n  \"login\": \"example_login\",\n  \"senha\": \"example_senha\",\n  \"apiKey\": \"example_apiKey\"\n}",
              "options": {
                "raw": {
                  "language": "json"
                }
              }
            }
          },
          "status": "Bad Request",
          "code": 400,
          "_postman_previewlanguage": "json",
          "header": [
            {
              "key": "Date",
              "value": "Thu, 13 Nov 2025 15:45:08 GMT"
            },
            {
              "key": "Content-Type",
              "value": "application/json; charset=utf-8"
            },
            {
              "key": "Transfer-Encoding",
              "value": "chunked"
            },
            {
              "key": "Connection",
              "value": "keep-alive"
            },
            {
              "key": "Set-Cookie",
              "value": "ARRAffinity=a424a400a76236aa9de032708b03769744bb0532820e633a3699a1f190717cdc;Path=/;HttpOnly;Secure;Domain=app2-crefaz-api-external-prod.azurewebsites.net, ARRAffinitySameSite=a424a400a76236aa9de032708b03769744bb0532820e633a3699a1f190717cdc;Path=/;HttpOnly;SameSite=None;Secure;Domain=app2-crefaz-api-external-prod.azurewebsites.net"
            },
            {
              "key": "Request-Context",
              "value": "appId=cid-v1:d8a2a5f5-0bae-4fbd-8c79-e59881be0ffd"
            },
            {
              "key": "x-azure-ref",
              "value": "20251113T154508Z-177844b84d7z4trrhC1GRUwvp40000001cm000000000f2vx"
            },
            {
              "key": "X-Cache",
              "value": "CONFIG_NOCACHE"
            }
          ],
          "body": "{\n  \"success\": false,\n  \"data\": \"Erro!\",\n  \"errors\": [\n    \"Login n\\u00e3o informado!\",\n    \"Senha n\\u00e3o informada!\",\n    \"Apikey n\\u00e3o informada!\",\n    \"Identificador \\u00fanico inv\\u00e1lido!\"\n  ]\n}"
        }
      ]
    },
    {
      "name": "POST {{base_url}}/Endereco/Cidade",
      "request": {
        "method": "POST",
        "header": [
          {
            "key": "Content-Type",
            "value": "application/json"
          },
          {
            "key": "Accept",
            "value": "application/json"
          }
        ],
        "url": {
          "raw": "{{base_url}}/Endereco/Cidade",
          "host": [
            "{{base_url}}"
          ],
          "path": [
            "Endereco",
            "Cidade"
          ]
        },
        "body": {
          "mode": "raw",
          "raw": "{\n  \"uf\": \"AC\",\n  \"nomeCidade\": \"12345\"\n}",
          "options": {
            "raw": {
              "language": "json"
            }
          }
        },
        "description": "Consultar Cidade\n\nRequest: uf, nomeCidade"
      },
      "response": [
        {
          "name": "Client Error (401)",
          "originalRequest": {
            "method": "POST",
            "header": [
              {
                "key": "Content-Type",
                "value": "application/json"
              },
              {
                "key": "Accept",
                "value": "application/json"
              }
            ],
            "url": {
              "raw": "{{base_url}}/Endereco/Cidade",
              "host": [
                "{{base_url}}"
              ],
              "path": [
                "Endereco",
                "Cidade"
              ]
            },
            "body": {
              "mode": "raw",
              "raw": "{\n  \"uf\": \"AC\",\n  \"nomeCidade\": \"12345\"\n}",
              "options": {
                "raw": {
                  "language": "json"
                }
              }
            }
          },
          "status": "Unauthorized",
          "code": 401,
          "_postman_previewlanguage": "json",
          "header": [
            {
              "key": "Date",
              "value": "Thu, 13 Nov 2025 15:45:09 GMT"
            },
            {
              "key": "Content-Length",
              "value": "0"
            },
            {
              "key": "Connection",
              "value": "keep-alive"
            },
            {
              "key": "Set-Cookie",
              "value": "ARRAffinity=f208a134724d3ba9b795dd52c59e76e5b182ec4b54953623261d63f64284e7be;Path=/;HttpOnly;Secure;Domain=app2-crefaz-api-external-prod.azurewebsites.net, ARRAffinitySameSite=f208a134724d3ba9b795dd52c59e76e5b182ec4b54953623261d63f64284e7be;Path=/;HttpOnly;SameSite=None;Secure;Domain=app2-crefaz-api-external-prod.azurewebsites.net"
            },
            {
              "key": "WWW-Authenticate",
              "value": "Bearer error=\"invalid_token\""
            },
            {
              "key": "Request-Context",
              "value": "appId=cid-v1:d8a2a5f5-0bae-4fbd-8c79-e59881be0ffd"
            },
            {
              "key": "x-azure-ref",
              "value": "20251113T154509Z-177844b84d7z4trrhC1GRUwvp40000001cm000000000f316"
            },
            {
              "key": "X-Cache",
              "value": "CONFIG_NOCACHE"
            }
          ],
          "body": ""
        }
      ]
    },
    {
      "name": "GET {{base_url}}/Endereco/Pais",
      "request": {
        "method": "GET",
        "header": [],
        "url": {
          "raw": "{{base_url}}/Endereco/Pais",
          "host": [
            "{{base_url}}"
          ],
          "path": [
            "Endereco",
            "Pais"
          ]
        },
        "description": "Listar Países"
      },
      "response": [
        {
          "name": "Client Error (414)",
          "originalRequest": {
            "method": "GET",
            "header": [],
            "url": {
              "raw": "{{base_url}}/Endereco/Pais",
              "host": [
                "{{base_url}}"
              ],
              "path": [
                "Endereco",
                "Pais"
              ]
            }
          },
          "status": "Unknown",
          "code": 414,
          "_postman_previewlanguage": "json",
          "header": [
            {
              "key": "Date",
              "value": "Thu, 13 Nov 2025 15:45:10 GMT"
            },
            {
              "key": "Content-Length",
              "value": "0"
            },
            {
              "key": "Connection",
              "value": "keep-alive"
            },
            {
              "key": "Set-Cookie",
              "value": "ARRAffinity=4d4fa746cf6d42dcb14b649847f0e10e351a8975feab80c7e1a392c9b2d00f42;Path=/;HttpOnly;Secure;Domain=app2-crefaz-api-external-prod.azurewebsites.net, ARRAffinitySameSite=4d4fa746cf6d42dcb14b649847f0e10e351a8975feab80c7e1a392c9b2d00f42;Path=/;HttpOnly;SameSite=None;Secure;Domain=app2-crefaz-api-external-prod.azurewebsites.net"
            },
            {
              "key": "x-azure-ref",
              "value": "20251113T154510Z-177844b84d7z4trrhC1GRUwvp40000001cm000000000f34v"
            },
            {
              "key": "X-Cache",
              "value": "CONFIG_NOCACHE"
            }
          ],
          "body": ""
        }
      ]
    },
    {
      "name": "GET {{base_url}}/Contexto/ocupacao",
      "request": {
        "method": "GET",
        "header": [
          {
            "key": "accept",
            "value": "application/json"
          },
          {
            "key": "Content-Type",
            "value": "application/json"
          }
        ],
        "url": {
          "raw": "{{base_url}}/Contexto/ocupacao",
          "host": [
            "{{base_url}}"
          ],
          "path": [
            "Contexto",
            "ocupacao"
          ]
        },
        "description": "Listar Contexto Ocupação"
      },
      "response": [
        {
          "name": "Client Error (401)",
          "originalRequest": {
            "method": "GET",
            "header": [
              {
                "key": "accept",
                "value": "application/json"
              },
              {
                "key": "Content-Type",
                "value": "application/json"
              }
            ],
            "url": {
              "raw": "{{base_url}}/Contexto/ocupacao",
              "host": [
                "{{base_url}}"
              ],
              "path": [
                "Contexto",
                "ocupacao"
              ]
            }
          },
          "status": "Unauthorized",
          "code": 401,
          "_postman_previewlanguage": "json",
          "header": [
            {
              "key": "Date",
              "value": "Thu, 13 Nov 2025 15:45:10 GMT"
            },
            {
              "key": "Content-Length",
              "value": "0"
            },
            {
              "key": "Connection",
              "value": "keep-alive"
            },
            {
              "key": "Set-Cookie",
              "value": "ARRAffinity=f208a134724d3ba9b795dd52c59e76e5b182ec4b54953623261d63f64284e7be;Path=/;HttpOnly;Secure;Domain=app2-crefaz-api-external-prod.azurewebsites.net, ARRAffinitySameSite=f208a134724d3ba9b795dd52c59e76e5b182ec4b54953623261d63f64284e7be;Path=/;HttpOnly;SameSite=None;Secure;Domain=app2-crefaz-api-external-prod.azurewebsites.net"
            },
            {
              "key": "WWW-Authenticate",
              "value": "Bearer error=\"invalid_token\""
            },
            {
              "key": "Request-Context",
              "value": "appId=cid-v1:d8a2a5f5-0bae-4fbd-8c79-e59881be0ffd"
            },
            {
              "key": "x-azure-ref",
              "value": "20251113T154510Z-177844b84d7z4trrhC1GRUwvp40000001cm000000000f39c"
            },
            {
              "key": "X-Cache",
              "value": "CONFIG_NOCACHE"
            }
          ],
          "body": ""
        }
      ]
    },
    {
      "name": "GET {{base_url}}/Contexto/proposta",
      "request": {
        "method": "GET",
        "header": [
          {
            "key": "accept",
            "value": "application/json"
          },
          {
            "key": "Content-Type",
            "value": "application/json"
          }
        ],
        "url": {
          "raw": "{{base_url}}/Contexto/proposta",
          "host": [
            "{{base_url}}"
          ],
          "path": [
            "Contexto",
            "proposta"
          ]
        },
        "description": "Listar Contexto Proposta"
      },
      "response": [
        {
          "name": "Client Error (401)",
          "originalRequest": {
            "method": "GET",
            "header": [
              {
                "key": "accept",
                "value": "application/json"
              },
              {
                "key": "Content-Type",
                "value": "application/json"
              }
            ],
            "url": {
              "raw": "{{base_url}}/Contexto/proposta",
              "host": [
                "{{base_url}}"
              ],
              "path": [
                "Contexto",
                "proposta"
              ]
            }
          },
          "status": "Unauthorized",
          "code": 401,
          "_postman_previewlanguage": "json",
          "header": [
            {
              "key": "Date",
              "value": "Thu, 13 Nov 2025 15:45:11 GMT"
            },
            {
              "key": "Content-Length",
              "value": "0"
            },
            {
              "key": "Connection",
              "value": "keep-alive"
            },
            {
              "key": "Set-Cookie",
              "value": "ARRAffinity=4d4fa746cf6d42dcb14b649847f0e10e351a8975feab80c7e1a392c9b2d00f42;Path=/;HttpOnly;Secure;Domain=app2-crefaz-api-external-prod.azurewebsites.net, ARRAffinitySameSite=4d4fa746cf6d42dcb14b649847f0e10e351a8975feab80c7e1a392c9b2d00f42;Path=/;HttpOnly;SameSite=None;Secure;Domain=app2-crefaz-api-external-prod.azurewebsites.net"
            },
            {
              "key": "WWW-Authenticate",
              "value": "Bearer error=\"invalid_token\""
            },
            {
              "key": "Request-Context",
              "value": "appId=cid-v1:d8a2a5f5-0bae-4fbd-8c79-e59881be0ffd"
            },
            {
              "key": "x-azure-ref",
              "value": "20251113T154511Z-177844b84d7z4trrhC1GRUwvp40000001cm000000000f3c7"
            },
            {
              "key": "X-Cache",
              "value": "CONFIG_NOCACHE"
            }
          ],
          "body": ""
        }
      ]
    },
    {
      "name": "GET {{base_url}}/Contexto/grau-instrucao",
      "request": {
        "method": "GET",
        "header": [
          {
            "key": "accept",
            "value": "application/json"
          },
          {
            "key": "Content-Type",
            "value": "application/json"
          }
        ],
        "url": {
          "raw": "{{base_url}}/Contexto/grau-instrucao",
          "host": [
            "{{base_url}}"
          ],
          "path": [
            "Contexto",
            "grau-instrucao"
          ]
        },
        "description": "Listar Contexto Grau Instrução"
      },
      "response": [
        {
          "name": "Client Error (401)",
          "originalRequest": {
            "method": "GET",
            "header": [
              {
                "key": "accept",
                "value": "application/json"
              },
              {
                "key": "Content-Type",
                "value": "application/json"
              }
            ],
            "url": {
              "raw": "{{base_url}}/Contexto/grau-instrucao",
              "host": [
                "{{base_url}}"
              ],
              "path": [
                "Contexto",
                "grau-instrucao"
              ]
            }
          },
          "status": "Unauthorized",
          "code": 401,
          "_postman_previewlanguage": "json",
          "header": [
            {
              "key": "Date",
              "value": "Thu, 13 Nov 2025 15:45:11 GMT"
            },
            {
              "key": "Content-Length",
              "value": "0"
            },
            {
              "key": "Connection",
              "value": "keep-alive"
            },
            {
              "key": "Set-Cookie",
              "value": "ARRAffinity=5d6cbd1c629efad0fa6a00c8cc4a18860af8c5c28929a2d9302bc1de365d7307;Path=/;HttpOnly;Secure;Domain=app2-crefaz-api-external-prod.azurewebsites.net, ARRAffinitySameSite=5d6cbd1c629efad0fa6a00c8cc4a18860af8c5c28929a2d9302bc1de365d7307;Path=/;HttpOnly;SameSite=None;Secure;Domain=app2-crefaz-api-external-prod.azurewebsites.net"
            },
            {
              "key": "WWW-Authenticate",
              "value": "Bearer error=\"invalid_token\""
            },
            {
              "key": "Request-Context",
              "value": "appId=cid-v1:d8a2a5f5-0bae-4fbd-8c79-e59881be0ffd"
            },
            {
              "key": "x-azure-ref",
              "value": "20251113T154511Z-177844b84d7z4trrhC1GRUwvp40000001cm000000000f3e4"
            },
            {
              "key": "X-Cache",
              "value": "CONFIG_NOCACHE"
            }
          ],
          "body": ""
        }
      ]
    },
    {
      "name": "GET /Proposta/produtos-regiao/:codCidadeIBGE",
      "request": {
        "method": "GET",
        "header": [
          {
            "key": "accept",
            "value": "application/json"
          },
          {
            "key": "Content-Type",
            "value": "application/json"
          }
        ],
        "url": {
          "raw": "{{base_url}}/Proposta/produtos-regiao/:codCidadeIBGE",
          "host": [
            "{{base_url}}"
          ],
          "path": [
            "Proposta",
            "produtos-regiao",
            ":codCidadeIBGE"
          ]
        },
        "description": "Consultar Disponibilidade Produto"
      },
      "response": [
        {
          "name": "Client Error (401)",
          "originalRequest": {
            "method": "GET",
            "header": [
              {
                "key": "accept",
                "value": "application/json"
              },
              {
                "key": "Content-Type",
                "value": "application/json"
              }
            ],
            "url": {
              "raw": "{{base_url}}/Proposta/produtos-regiao/:codCidadeIBGE",
              "host": [
                "{{base_url}}"
              ],
              "path": [
                "Proposta",
                "produtos-regiao",
                ":codCidadeIBGE"
              ]
            }
          },
          "status": "Unauthorized",
          "code": 401,
          "_postman_previewlanguage": "json",
          "header": [
            {
              "key": "Date",
              "value": "Thu, 13 Nov 2025 15:45:12 GMT"
            },
            {
              "key": "Content-Length",
              "value": "0"
            },
            {
              "key": "Connection",
              "value": "keep-alive"
            },
            {
              "key": "Set-Cookie",
              "value": "ARRAffinity=a424a400a76236aa9de032708b03769744bb0532820e633a3699a1f190717cdc;Path=/;HttpOnly;Secure;Domain=app2-crefaz-api-external-prod.azurewebsites.net, ARRAffinitySameSite=a424a400a76236aa9de032708b03769744bb0532820e633a3699a1f190717cdc;Path=/;HttpOnly;SameSite=None;Secure;Domain=app2-crefaz-api-external-prod.azurewebsites.net"
            },
            {
              "key": "WWW-Authenticate",
              "value": "Bearer error=\"invalid_token\""
            },
            {
              "key": "Request-Context",
              "value": "appId=cid-v1:d8a2a5f5-0bae-4fbd-8c79-e59881be0ffd"
            },
            {
              "key": "x-azure-ref",
              "value": "20251113T154512Z-177844b84d7z4trrhC1GRUwvp40000001cm000000000f3gx"
            },
            {
              "key": "X-Cache",
              "value": "CONFIG_NOCACHE"
            }
          ],
          "body": ""
        }
      ]
    },
    {
      "name": "POST {{base_url}}/Proposta",
      "request": {
        "method": "POST",
        "header": [
          {
            "key": "Content-Type",
            "value": "application/json"
          },
          {
            "key": "accept",
            "value": "application/json"
          }
        ],
        "url": {
          "raw": "{{base_url}}/Proposta",
          "host": [
            "{{base_url}}"
          ],
          "path": [
            "Proposta"
          ]
        },
        "body": {
          "mode": "raw",
          "raw": "{}",
          "options": {
            "raw": {
              "language": "json"
            }
          }
        },
        "description": "Cadastrar Proposta"
      },
      "response": [
        {
          "name": "Sucesso",
          "originalRequest": {
            "method": "POST",
            "header": [
              {
                "key": "Content-Type",
                "value": "application/json"
              },
              {
                "key": "accept",
                "value": "application/json"
              }
            ],
            "url": {
              "raw": "{{base_url}}/Proposta",
              "host": [
                "{{base_url}}"
              ],
              "path": [
                "Proposta"
              ]
            },
            "body": {
              "mode": "raw",
              "raw": "{}",
              "options": {
                "raw": {
                  "language": "json"
                }
              }
            }
          },
          "status": "OK",
          "code": 200,
          "_postman_previewlanguage": "json",
          "header": [
            {
              "key": "Content-Type",
              "value": "application/json"
            }
          ],
          "body": "{\n  \"success\": true,\n  \"data\": {\n    \"propostaId\": 1028673845,\n    \"aprovado\": true\n  },\n  \"errors\": null\n}"
        }
      ]
    },
    {
      "name": "POST /Proposta/proposta-em-andamento",
      "request": {
        "method": "POST",
        "header": [
          {
            "key": "Content-Type",
            "value": "application/json"
          },
          {
            "key": "accept",
            "value": "application/json"
          }
        ],
        "url": {
          "raw": "{{base_url}}/Proposta/proposta-em-andamento",
          "host": [
            "{{base_url}}"
          ],
          "path": [
            "Proposta",
            "proposta-em-andamento"
          ],
          "query": [
            {
              "key": "cpf",
              "value": "{{cliente_cpf}}",
              "description": "Query parameter: cpf"
            },
            {
              "key": "loginVendedor",
              "value": "{{login}}",
              "description": "Query parameter: loginVendedor"
            }
          ]
        },
        "body": {
          "mode": "raw",
          "raw": "{}",
          "options": {
            "raw": {
              "language": "json"
            }
          }
        },
        "description": "Consultar proposta em andamento"
      },
      "response": [
        {
          "name": "Client Error (403) - <!DOCTYPE html PUBLIC '-//W3C//DTD XHTML 1.0 Trans",
          "originalRequest": {
            "method": "POST",
            "header": [
              {
                "key": "Content-Type",
                "value": "application/json"
              },
              {
                "key": "accept",
                "value": "application/json"
              }
            ],
            "url": {
              "raw": "{{base_url}}/Proposta/proposta-em-andamento",
              "host": [
                "{{base_url}}"
              ],
              "path": [
                "Proposta",
                "proposta-em-andamento"
              ],
              "query": [
                {
                  "key": "cpf",
                  "value": "{{cliente_cpf}}",
                  "description": "Query parameter: cpf"
                },
                {
                  "key": "loginVendedor",
                  "value": "{{login}}",
                  "description": "Query parameter: loginVendedor"
                }
              ]
            },
            "body": {
              "mode": "raw",
              "raw": "{}",
              "options": {
                "raw": {
                  "language": "json"
                }
              }
            }
          },
          "status": "Forbidden",
          "code": 403,
          "_postman_previewlanguage": "json",
          "header": [
            {
              "key": "Date",
              "value": "Thu, 13 Nov 2025 15:45:13 GMT"
            },
            {
              "key": "Content-Type",
              "value": "text/html"
            },
            {
              "key": "Content-Length",
              "value": "1484"
            },
            {
              "key": "Connection",
              "value": "close"
            },
            {
              "key": "Cache-Control",
              "value": "no-store"
            },
            {
              "key": "x-azure-ref",
              "value": "20251113T154513Z-177844b84d7z4trrhC1GRUwvp40000001cm000000000f3n4"
            },
            {
              "key": "X-Cache",
              "value": "CONFIG_NOCACHE"
            }
          ],
          "body": "\"<!DOCTYPE html PUBLIC '-//W3C//DTD XHTML 1.0 Transitional//EN' 'http://www.w3.org/TR/xhtml1/DTD/xhtml1-transitional.dtd'>\\n<html xmlns='http://www.w3.org/1999/xhtml'>\\n\\n<head>\\n    <meta content='text/html; charset=utf-8' http-equiv='content-type' />\\n    <style type='text/css'>\\n        body {\\n            font-family: Arial;\\n            margin-left: 40px;\\n        }\\n\\n        img {\\n            border: 0 none;\\n        }\\n\\n        #content {\\n            margin-left: auto;\\n            margin-right: auto\\n        }\\n\\n        #message h1 {\\n            font-size: 24px;\\n            font-weight: normal;\\n            color: #000000;\\n            margin: 34px 0px 0px 0px\\n        }\\n\\n        #message h2 {\\n            font-size: 20px;\\n            font-weight: normal;\\n            color: #000000;\\n            margin: 34px 0px 0px 0px\\n        }\\n\\n        #message p {\\n            font-size: 16px;\\n            color: #000000;\\n            margin: 8px 0px 0px 0px\\n        }\\n\\n        #message hr {\\n            margin: 15px 0px\\n        }\\n\\n        #errorref {\\n            font-size: 11px;\\n            color: #737373;\\n            margin-top: 41px\\n        }\\n    </style>\\n    <title>Service unavailable</title>\\n</head>\\n\\n<body>\\n    <div id='content'>\\n        <div id='message'>\\n            <h2>The request is blocked.</h2>\\n        </div>\\n        <div id='errorref'>\\n            <span>20251113T154513Z-177844b84d7z4trrhC1GRUwvp40000001cm000000000f3n4            </span>\\n        </div>\\n    </div>\\n</body>\\n</html>\\n\""
        }
      ]
    },
    {
      "name": "GET /Proposta/oferta-produto/:propostaId",
      "request": {
        "method": "GET",
        "header": [
          {
            "key": "accept",
            "value": "application/json"
          },
          {
            "key": "Content-Type",
            "value": "application/json"
          }
        ],
        "url": {
          "raw": "{{base_url}}/Proposta/oferta-produto/:propostaId",
          "host": [
            "{{base_url}}"
          ],
          "path": [
            "Proposta",
            "oferta-produto",
            ":propostaId"
          ]
        },
        "description": "Listar Ofertas"
      },
      "response": [
        {
          "name": "Client Error (401)",
          "originalRequest": {
            "method": "GET",
            "header": [
              {
                "key": "accept",
                "value": "application/json"
              },
              {
                "key": "Content-Type",
                "value": "application/json"
              }
            ],
            "url": {
              "raw": "{{base_url}}/Proposta/oferta-produto/:propostaId",
              "host": [
                "{{base_url}}"
              ],
              "path": [
                "Proposta",
                "oferta-produto",
                ":propostaId"
              ]
            }
          },
          "status": "Unauthorized",
          "code": 401,
          "_postman_previewlanguage": "json",
          "header": [
            {
              "key": "Date",
              "value": "Thu, 13 Nov 2025 15:45:13 GMT"
            },
            {
              "key": "Content-Length",
              "value": "0"
            },
            {
              "key": "Connection",
              "value": "keep-alive"
            },
            {
              "key": "Set-Cookie",
              "value": "ARRAffinity=4d4fa746cf6d42dcb14b649847f0e10e351a8975feab80c7e1a392c9b2d00f42;Path=/;HttpOnly;Secure;Domain=app2-crefaz-api-external-prod.azurewebsites.net, ARRAffinitySameSite=4d4fa746cf6d42dcb14b649847f0e10e351a8975feab80c7e1a392c9b2d00f42;Path=/;HttpOnly;SameSite=None;Secure;Domain=app2-crefaz-api-external-prod.azurewebsites.net"
            },
            {
              "key": "WWW-Authenticate",
              "value": "Bearer error=\"invalid_token\""
            },
            {
              "key": "Request-Context",
              "value": "appId=cid-v1:d8a2a5f5-0bae-4fbd-8c79-e59881be0ffd"
            },
            {
              "key": "x-azure-ref",
              "value": "20251113T154513Z-177844b84d7nlgsmhC1GRU6ezw0000000a9g000000009875"
            },
            {
              "key": "X-Cache",
              "value": "CONFIG_NOCACHE"
            }
          ],
          "body": ""
        }
      ]
    },
    {
      "name": "POST {{base_url}}/Proposta/calculo-vencimento",
      "request": {
        "method": "POST",
        "header": [
          {
            "key": "Content-Type",
            "value": "application/json"
          },
          {
            "key": "accept",
            "value": "application/json"
          }
        ],
        "url": {
          "raw": "{{base_url}}/Proposta/calculo-vencimento",
          "host": [
            "{{base_url}}"
          ],
          "path": [
            "Proposta",
            "calculo-vencimento"
          ]
        },
        "body": {
          "mode": "raw",
          "raw": "{}",
          "options": {
            "raw": {
              "language": "json"
            }
          }
        },
        "description": "Calcular Vencimento"
      },
      "response": [
        {
          "name": "Client Error (401)",
          "originalRequest": {
            "method": "POST",
            "header": [
              {
                "key": "Content-Type",
                "value": "application/json"
              },
              {
                "key": "accept",
                "value": "application/json"
              }
            ],
            "url": {
              "raw": "{{base_url}}/Proposta/calculo-vencimento",
              "host": [
                "{{base_url}}"
              ],
              "path": [
                "Proposta",
                "calculo-vencimento"
              ]
            },
            "body": {
              "mode": "raw",
              "raw": "{}",
              "options": {
                "raw": {
                  "language": "json"
                }
              }
            }
          },
          "status": "Unauthorized",
          "code": 401,
          "_postman_previewlanguage": "json",
          "header": [
            {
              "key": "Date",
              "value": "Thu, 13 Nov 2025 15:45:15 GMT"
            },
            {
              "key": "Content-Length",
              "value": "0"
            },
            {
              "key": "Connection",
              "value": "keep-alive"
            },
            {
              "key": "Set-Cookie",
              "value": "ARRAffinity=4d4fa746cf6d42dcb14b649847f0e10e351a8975feab80c7e1a392c9b2d00f42;Path=/;HttpOnly;Secure;Domain=app2-crefaz-api-external-prod.azurewebsites.net, ARRAffinitySameSite=4d4fa746cf6d42dcb14b649847f0e10e351a8975feab80c7e1a392c9b2d00f42;Path=/;HttpOnly;SameSite=None;Secure;Domain=app2-crefaz-api-external-prod.azurewebsites.net"
            },
            {
              "key": "WWW-Authenticate",
              "value": "Bearer error=\"invalid_token\""
            },
            {
              "key": "Request-Context",
              "value": "appId=cid-v1:d8a2a5f5-0bae-4fbd-8c79-e59881be0ffd"
            },
            {
              "key": "x-azure-ref",
              "value": "20251113T154515Z-177844b84d7nlgsmhC1GRU6ezw0000000a9g0000000098f7"
            },
            {
              "key": "X-Cache",
              "value": "CONFIG_NOCACHE"
            }
          ],
          "body": ""
        }
      ]
    },
    {
      "name": "POST /Proposta/consulta-valor-limite/:propostaId",
      "request": {
        "method": "POST",
        "header": [
          {
            "key": "Content-Type",
            "value": "application/json"
          },
          {
            "key": "accept",
            "value": "application/json"
          }
        ],
        "url": {
          "raw": "{{base_url}}/Proposta/consulta-valor-limite/:propostaId",
          "host": [
            "{{base_url}}"
          ],
          "path": [
            "Proposta",
            "consulta-valor-limite",
            ":propostaId"
          ]
        },
        "body": {
          "mode": "raw",
          "raw": "{}",
          "options": {
            "raw": {
              "language": "json"
            }
          }
        },
        "description": "Consultar Valor Limite"
      },
      "response": [
        {
          "name": "Client Error (401)",
          "originalRequest": {
            "method": "POST",
            "header": [
              {
                "key": "Content-Type",
                "value": "application/json"
              },
              {
                "key": "accept",
                "value": "application/json"
              }
            ],
            "url": {
              "raw": "{{base_url}}/Proposta/consulta-valor-limite/:propostaId",
              "host": [
                "{{base_url}}"
              ],
              "path": [
                "Proposta",
                "consulta-valor-limite",
                ":propostaId"
              ]
            },
            "body": {
              "mode": "raw",
              "raw": "{}",
              "options": {
                "raw": {
                  "language": "json"
                }
              }
            }
          },
          "status": "Unauthorized",
          "code": 401,
          "_postman_previewlanguage": "json",
          "header": [
            {
              "key": "Date",
              "value": "Thu, 13 Nov 2025 15:45:18 GMT"
            },
            {
              "key": "Content-Length",
              "value": "0"
            },
            {
              "key": "Connection",
              "value": "keep-alive"
            },
            {
              "key": "Set-Cookie",
              "value": "ARRAffinity=4d4fa746cf6d42dcb14b649847f0e10e351a8975feab80c7e1a392c9b2d00f42;Path=/;HttpOnly;Secure;Domain=app2-crefaz-api-external-prod.azurewebsites.net, ARRAffinitySameSite=4d4fa746cf6d42dcb14b649847f0e10e351a8975feab80c7e1a392c9b2d00f42;Path=/;HttpOnly;SameSite=None;Secure;Domain=app2-crefaz-api-external-prod.azurewebsites.net"
            },
            {
              "key": "WWW-Authenticate",
              "value": "Bearer error=\"invalid_token\""
            },
            {
              "key": "Request-Context",
              "value": "appId=cid-v1:d8a2a5f5-0bae-4fbd-8c79-e59881be0ffd"
            },
            {
              "key": "x-azure-ref",
              "value": "20251113T154518Z-177844b84d7nlgsmhC1GRU6ezw0000000a9g0000000098qa"
            },
            {
              "key": "X-Cache",
              "value": "CONFIG_NOCACHE"
            }
          ],
          "body": ""
        }
      ]
    },
    {
      "name": "POST /Proposta/simulacao-valor/:propostaId",
      "request": {
        "method": "POST",
        "header": [
          {
            "key": "Content-Type",
            "value": "application/json"
          },
          {
            "key": "accept",
            "value": "application/json"
          }
        ],
        "url": {
          "raw": "{{base_url}}/Proposta/simulacao-valor/:propostaId",
          "host": [
            "{{base_url}}"
          ],
          "path": [
            "Proposta",
            "simulacao-valor",
            ":propostaId"
          ]
        },
        "body": {
          "mode": "raw",
          "raw": "{}",
          "options": {
            "raw": {
              "language": "json"
            }
          }
        },
        "description": "Simular Oferta"
      },
      "response": [
        {
          "name": "Client Error (401)",
          "originalRequest": {
            "method": "POST",
            "header": [
              {
                "key": "Content-Type",
                "value": "application/json"
              },
              {
                "key": "accept",
                "value": "application/json"
              }
            ],
            "url": {
              "raw": "{{base_url}}/Proposta/simulacao-valor/:propostaId",
              "host": [
                "{{base_url}}"
              ],
              "path": [
                "Proposta",
                "simulacao-valor",
                ":propostaId"
              ]
            },
            "body": {
              "mode": "raw",
              "raw": "{}",
              "options": {
                "raw": {
                  "language": "json"
                }
              }
            }
          },
          "status": "Unauthorized",
          "code": 401,
          "_postman_previewlanguage": "json",
          "header": [
            {
              "key": "Date",
              "value": "Thu, 13 Nov 2025 15:45:22 GMT"
            },
            {
              "key": "Content-Length",
              "value": "0"
            },
            {
              "key": "Connection",
              "value": "keep-alive"
            },
            {
              "key": "Set-Cookie",
              "value": "ARRAffinity=a424a400a76236aa9de032708b03769744bb0532820e633a3699a1f190717cdc;Path=/;HttpOnly;Secure;Domain=app2-crefaz-api-external-prod.azurewebsites.net, ARRAffinitySameSite=a424a400a76236aa9de032708b03769744bb0532820e633a3699a1f190717cdc;Path=/;HttpOnly;SameSite=None;Secure;Domain=app2-crefaz-api-external-prod.azurewebsites.net"
            },
            {
              "key": "WWW-Authenticate",
              "value": "Bearer error=\"invalid_token\""
            },
            {
              "key": "Request-Context",
              "value": "appId=cid-v1:d8a2a5f5-0bae-4fbd-8c79-e59881be0ffd"
            },
            {
              "key": "x-azure-ref",
              "value": "20251113T154521Z-177844b84d7nlgsmhC1GRU6ezw0000000a9g000000009920"
            },
            {
              "key": "X-Cache",
              "value": "CONFIG_NOCACHE"
            }
          ],
          "body": ""
        }
      ]
    },
    {
      "name": "PUT /Proposta/oferta-produto/:propostaId",
      "request": {
        "method": "PUT",
        "header": [
          {
            "key": "Content-Type",
            "value": "application/json"
          },
          {
            "key": "accept",
            "value": "application/json"
          }
        ],
        "url": {
          "raw": "{{base_url}}/Proposta/oferta-produto/:propostaId",
          "host": [
            "{{base_url}}"
          ],
          "path": [
            "Proposta",
            "oferta-produto",
            ":propostaId"
          ]
        },
        "body": {
          "mode": "raw",
          "raw": "{}",
          "options": {
            "raw": {
              "language": "json"
            }
          }
        },
        "description": "Selecionar Oferta"
      },
      "response": [
        {
          "name": "Energia - Enel CE",
          "originalRequest": {
            "method": "PUT",
            "header": [
              {
                "key": "Content-Type",
                "value": "application/json"
              },
              {
                "key": "accept",
                "value": "application/json"
              }
            ],
            "url": {
              "raw": "{{base_url}}/Proposta/oferta-produto/:propostaId",
              "host": [
                "{{base_url}}"
              ],
              "path": [
                "Proposta",
                "oferta-produto",
                ":propostaId"
              ]
            },
            "body": {
              "mode": "raw",
              "raw": "{}",
              "options": {
                "raw": {
                  "language": "json"
                }
              }
            }
          },
          "status": "OK",
          "code": 200,
          "_postman_previewlanguage": "json",
          "header": [
            {
              "key": "Content-Type",
              "value": "application/json"
            }
          ],
          "body": "{\n  \"success\": true,\n  \"data\": {\n    \"propostaId\": 5176994,\n    \"aprovado\": true\n  },\n  \"errors\": null\n}"
        },
        {
          "name": "Energia - Enel SP",
          "originalRequest": {
            "method": "PUT",
            "header": [
              {
                "key": "Content-Type",
                "value": "application/json"
              },
              {
                "key": "accept",
                "value": "application/json"
              }
            ],
            "url": {
              "raw": "{{base_url}}/Proposta/oferta-produto/:propostaId",
              "host": [
                "{{base_url}}"
              ],
              "path": [
                "Proposta",
                "oferta-produto",
                ":propostaId"
              ]
            },
            "body": {
              "mode": "raw",
              "raw": "{}",
              "options": {
                "raw": {
                  "language": "json"
                }
              }
            }
          },
          "status": "OK",
          "code": 200,
          "_postman_previewlanguage": "json",
          "header": [
            {
              "key": "Content-Type",
              "value": "application/json"
            }
          ],
          "body": "{\n  \"success\": true,\n  \"data\": {\n    \"propostaId\": 5176995,\n    \"aprovado\": true\n  },\n  \"errors\": null\n}"
        },
        {
          "name": "Energia - Enel RJ",
          "originalRequest": {
            "method": "PUT",
            "header": [
              {
                "key": "Content-Type",
                "value": "application/json"
              },
              {
                "key": "accept",
                "value": "application/json"
              }
            ],
            "url": {
              "raw": "{{base_url}}/Proposta/oferta-produto/:propostaId",
              "host": [
                "{{base_url}}"
              ],
              "path": [
                "Proposta",
                "oferta-produto",
                ":propostaId"
              ]
            },
            "body": {
              "mode": "raw",
              "raw": "{}",
              "options": {
                "raw": {
                  "language": "json"
                }
              }
            }
          },
          "status": "OK",
          "code": 200,
          "_postman_previewlanguage": "json",
          "header": [
            {
              "key": "Content-Type",
              "value": "application/json"
            }
          ],
          "body": "{\n  \"success\": true,\n  \"data\": {\n    \"propostaId\": 5176996,\n    \"aprovado\": true\n  },\n  \"errors\": null\n}"
        },
        {
          "name": "Energia - Enel GO",
          "originalRequest": {
            "method": "PUT",
            "header": [
              {
                "key": "Content-Type",
                "value": "application/json"
              },
              {
                "key": "accept",
                "value": "application/json"
              }
            ],
            "url": {
              "raw": "{{base_url}}/Proposta/oferta-produto/:propostaId",
              "host": [
                "{{base_url}}"
              ],
              "path": [
                "Proposta",
                "oferta-produto",
                ":propostaId"
              ]
            },
            "body": {
              "mode": "raw",
              "raw": "{}",
              "options": {
                "raw": {
                  "language": "json"
                }
              }
            }
          },
          "status": "OK",
          "code": 200,
          "_postman_previewlanguage": "json",
          "header": [
            {
              "key": "Content-Type",
              "value": "application/json"
            }
          ],
          "body": "{\n  \"success\": true,\n  \"data\": {\n    \"propostaId\": 5177001,\n    \"aprovado\": true\n  },\n  \"errors\": null\n}"
        },
        {
          "name": "CP Refin",
          "originalRequest": {
            "method": "PUT",
            "header": [
              {
                "key": "Content-Type",
                "value": "application/json"
              },
              {
                "key": "accept",
                "value": "application/json"
              }
            ],
            "url": {
              "raw": "{{base_url}}/Proposta/oferta-produto/:propostaId",
              "host": [
                "{{base_url}}"
              ],
              "path": [
                "Proposta",
                "oferta-produto",
                ":propostaId"
              ]
            },
            "body": {
              "mode": "raw",
              "raw": "{}",
              "options": {
                "raw": {
                  "language": "json"
                }
              }
            }
          },
          "status": "OK",
          "code": 200,
          "_postman_previewlanguage": "json",
          "header": [
            {
              "key": "Content-Type",
              "value": "application/json"
            }
          ],
          "body": "{\n  \"success\": true,\n  \"data\": {\n    \"propostaId\": 5177113,\n    \"aprovado\": true\n  },\n  \"errors\": null\n}"
        },
        {
          "name": "Boleto",
          "originalRequest": {
            "method": "PUT",
            "header": [
              {
                "key": "Content-Type",
                "value": "application/json"
              },
              {
                "key": "accept",
                "value": "application/json"
              }
            ],
            "url": {
              "raw": "{{base_url}}/Proposta/oferta-produto/:propostaId",
              "host": [
                "{{base_url}}"
              ],
              "path": [
                "Proposta",
                "oferta-produto",
                ":propostaId"
              ]
            },
            "body": {
              "mode": "raw",
              "raw": "{}",
              "options": {
                "raw": {
                  "language": "json"
                }
              }
            }
          },
          "status": "OK",
          "code": 200,
          "_postman_previewlanguage": "json",
          "header": [
            {
              "key": "Content-Type",
              "value": "application/json"
            }
          ],
          "body": "{\n  \"success\": true,\n  \"data\": {\n    \"propostaId\": 5176987,\n    \"aprovado\": true\n  },\n  \"errors\": null\n}"
        },
        {
          "name": "CDC Boleto",
          "originalRequest": {
            "method": "PUT",
            "header": [
              {
                "key": "Content-Type",
                "value": "application/json"
              },
              {
                "key": "accept",
                "value": "application/json"
              }
            ],
            "url": {
              "raw": "{{base_url}}/Proposta/oferta-produto/:propostaId",
              "host": [
                "{{base_url}}"
              ],
              "path": [
                "Proposta",
                "oferta-produto",
                ":propostaId"
              ]
            },
            "body": {
              "mode": "raw",
              "raw": "{}",
              "options": {
                "raw": {
                  "language": "json"
                }
              }
            }
          },
          "status": "OK",
          "code": 200,
          "_postman_previewlanguage": "json",
          "header": [
            {
              "key": "Content-Type",
              "value": "application/json"
            }
          ],
          "body": "{\n  \"success\": true,\n  \"data\": {\n    \"propostaId\": 5176991,\n    \"aprovado\": true\n  },\n  \"errors\": null\n}"
        }
      ]
    },
    {
      "name": "POST {{base_url}}/Proposta/tipo-anexos",
      "request": {
        "method": "POST",
        "header": [
          {
            "key": "Content-Type",
            "value": "application/json"
          },
          {
            "key": "accept",
            "value": "application/json"
          }
        ],
        "url": {
          "raw": "{{base_url}}/Proposta/tipo-anexos",
          "host": [
            "{{base_url}}"
          ],
          "path": [
            "Proposta",
            "tipo-anexos"
          ]
        },
        "body": {
          "mode": "raw",
          "raw": "{}",
          "options": {
            "raw": {
              "language": "json"
            }
          }
        },
        "description": "Listar Tipos Anexos"
      },
      "response": [
        {
          "name": "Client Error (401)",
          "originalRequest": {
            "method": "POST",
            "header": [
              {
                "key": "Content-Type",
                "value": "application/json"
              },
              {
                "key": "accept",
                "value": "application/json"
              }
            ],
            "url": {
              "raw": "{{base_url}}/Proposta/tipo-anexos",
              "host": [
                "{{base_url}}"
              ],
              "path": [
                "Proposta",
                "tipo-anexos"
              ]
            },
            "body": {
              "mode": "raw",
              "raw": "{}",
              "options": {
                "raw": {
                  "language": "json"
                }
              }
            }
          },
          "status": "Unauthorized",
          "code": 401,
          "_postman_previewlanguage": "json",
          "header": [
            {
              "key": "Date",
              "value": "Thu, 13 Nov 2025 15:45:24 GMT"
            },
            {
              "key": "Content-Length",
              "value": "0"
            },
            {
              "key": "Connection",
              "value": "keep-alive"
            },
            {
              "key": "Set-Cookie",
              "value": "ARRAffinity=5d6cbd1c629efad0fa6a00c8cc4a18860af8c5c28929a2d9302bc1de365d7307;Path=/;HttpOnly;Secure;Domain=app2-crefaz-api-external-prod.azurewebsites.net, ARRAffinitySameSite=5d6cbd1c629efad0fa6a00c8cc4a18860af8c5c28929a2d9302bc1de365d7307;Path=/;HttpOnly;SameSite=None;Secure;Domain=app2-crefaz-api-external-prod.azurewebsites.net"
            },
            {
              "key": "WWW-Authenticate",
              "value": "Bearer error=\"invalid_token\""
            },
            {
              "key": "Request-Context",
              "value": "appId=cid-v1:d8a2a5f5-0bae-4fbd-8c79-e59881be0ffd"
            },
            {
              "key": "x-azure-ref",
              "value": "20251113T154524Z-177844b84d7nlgsmhC1GRU6ezw0000000a9g00000000999s"
            },
            {
              "key": "X-Cache",
              "value": "CONFIG_NOCACHE"
            }
          ],
          "body": ""
        }
      ]
    },
    {
      "name": "PUT /Proposta/:propostaId/imagem",
      "request": {
        "method": "PUT",
        "header": [
          {
            "key": "Content-Type",
            "value": "application/json"
          },
          {
            "key": "accept",
            "value": "application/json"
          }
        ],
        "url": {
          "raw": "{{base_url}}/Proposta/:propostaId/imagem",
          "host": [
            "{{base_url}}"
          ],
          "path": [
            "Proposta",
            ":propostaId",
            "imagem"
          ]
        },
        "body": {
          "mode": "raw",
          "raw": "{}",
          "options": {
            "raw": {
              "language": "json"
            }
          }
        },
        "description": "Efetuar Upload Arquivos"
      },
      "response": [
        {
          "name": "Sucesso",
          "originalRequest": {
            "method": "PUT",
            "header": [
              {
                "key": "Content-Type",
                "value": "application/json"
              },
              {
                "key": "accept",
                "value": "application/json"
              }
            ],
            "url": {
              "raw": "{{base_url}}/Proposta/:propostaId/imagem",
              "host": [
                "{{base_url}}"
              ],
              "path": [
                "Proposta",
                ":propostaId",
                "imagem"
              ]
            },
            "body": {
              "mode": "raw",
              "raw": "{}",
              "options": {
                "raw": {
                  "language": "json"
                }
              }
            }
          },
          "status": "OK",
          "code": 200,
          "_postman_previewlanguage": "json",
          "header": [
            {
              "key": "Content-Type",
              "value": "application/json"
            }
          ],
          "body": "{\n  \"success\": true,\n  \"data\": \"Upload Concluido\",\n  \"errors\": null\n}"
        }
      ]
    },
    {
      "name": "PUT /Proposta/:propostaId",
      "request": {
        "method": "PUT",
        "header": [
          {
            "key": "Content-Type",
            "value": "application/json"
          },
          {
            "key": "accept",
            "value": "application/json"
          }
        ],
        "url": {
          "raw": "{{base_url}}/Proposta/:propostaId",
          "host": [
            "{{base_url}}"
          ],
          "path": [
            "Proposta",
            ":propostaId"
          ]
        },
        "body": {
          "mode": "raw",
          "raw": "{}",
          "options": {
            "raw": {
              "language": "json"
            }
          }
        },
        "description": "Cadastrar / Atualizar Proposta"
      },
      "response": [
        {
          "name": "Sucesso",
          "originalRequest": {
            "method": "PUT",
            "header": [
              {
                "key": "Content-Type",
                "value": "application/json"
              },
              {
                "key": "accept",
                "value": "application/json"
              }
            ],
            "url": {
              "raw": "{{base_url}}/Proposta/:propostaId",
              "host": [
                "{{base_url}}"
              ],
              "path": [
                "Proposta",
                ":propostaId"
              ]
            },
            "body": {
              "mode": "raw",
              "raw": "{}",
              "options": {
                "raw": {
                  "language": "json"
                }
              }
            }
          },
          "status": "OK",
          "code": 200,
          "_postman_previewlanguage": "json",
          "header": [
            {
              "key": "Content-Type",
              "value": "application/json"
            }
          ],
          "body": "{\n  \"success\": true,\n  \"data\": \"Sucesso!\",\n  \"errors\": null\n}"
        }
      ]
    },
    {
      "name": "GET /Proposta/:propostaId",
      "request": {
        "method": "GET",
        "header": [
          {
            "key": "accept",
            "value": "application/json"
          },
          {
            "key": "Content-Type",
            "value": "application/json"
          }
        ],
        "url": {
          "raw": "{{base_url}}/Proposta/:propostaId",
          "host": [
            "{{base_url}}"
          ],
          "path": [
            "Proposta",
            ":propostaId"
          ]
        },
        "description": "Consultar Proposta"
      },
      "response": [
        {
          "name": "Client Error (401)",
          "originalRequest": {
            "method": "GET",
            "header": [
              {
                "key": "accept",
                "value": "application/json"
              },
              {
                "key": "Content-Type",
                "value": "application/json"
              }
            ],
            "url": {
              "raw": "{{base_url}}/Proposta/:propostaId",
              "host": [
                "{{base_url}}"
              ],
              "path": [
                "Proposta",
                ":propostaId"
              ]
            }
          },
          "status": "Unauthorized",
          "code": 401,
          "_postman_previewlanguage": "json",
          "header": [
            {
              "key": "Date",
              "value": "Thu, 13 Nov 2025 15:45:26 GMT"
            },
            {
              "key": "Content-Length",
              "value": "0"
            },
            {
              "key": "Connection",
              "value": "keep-alive"
            },
            {
              "key": "Set-Cookie",
              "value": "ARRAffinity=a424a400a76236aa9de032708b03769744bb0532820e633a3699a1f190717cdc;Path=/;HttpOnly;Secure;Domain=app2-crefaz-api-external-prod.azurewebsites.net, ARRAffinitySameSite=a424a400a76236aa9de032708b03769744bb0532820e633a3699a1f190717cdc;Path=/;HttpOnly;SameSite=None;Secure;Domain=app2-crefaz-api-external-prod.azurewebsites.net"
            },
            {
              "key": "WWW-Authenticate",
              "value": "Bearer error=\"invalid_token\""
            },
            {
              "key": "Request-Context",
              "value": "appId=cid-v1:d8a2a5f5-0bae-4fbd-8c79-e59881be0ffd"
            },
            {
              "key": "x-azure-ref",
              "value": "20251113T154526Z-177844b84d7nlgsmhC1GRU6ezw0000000a9g0000000099gq"
            },
            {
              "key": "X-Cache",
              "value": "CONFIG_NOCACHE"
            }
          ],
          "body": ""
        }
      ]
    }
  ],
  "variable": [
    {
      "key": "base_url",
      "value": "https://api-externo.crefazon.com.br/api",
      "type": "string"
    }
  ]
}